id,text,image_url,label
awxhir,my walgreens offbrand mucinex was engraved with the letters mucinex but in a different order,https://external-preview.redd.it/WylDbZrnbvZdBpgfa3ntxYf17CBHndiJWHylVm2j_nY.jpg?width=320&crop=smart&auto=webp&s=449659a10792de4d55c2f27d2176fdc8bc66e72a,1
98pbid,this concerned sink with a tiny hat,https://preview.redd.it/wsfx0gp0f5h11.jpg?width=320&crop=smart&auto=webp&s=6267a3ae11e616453e129c58ae34635b98c4ab37,0
6f2cy5,hackers leak emails from uae ambassador to us,https://external-preview.redd.it/6fNhdbc6K1vFAZX95ed-ZMLDlASqmpixvAxmXqHhfHs.jpg?width=320&crop=smart&auto=webp&s=f263f843e91b7dbea1d1157031f7ea0d555186ed,1
4xypkv,puppy taking in the view,https://external-preview.redd.it/HLtVNhTR6wtYtnvL8RKfmZFdKQ7tVz42WCiH3jSGiIk.jpg?width=320&crop=smart&auto=webp&s=2d60c452b15d7d86b46b65e06da9a6e42f10d5df,1
8gnet9,i found a face in my sheet music too,https://preview.redd.it/ri7ut2wn8kv01.jpg?width=320&crop=smart&auto=webp&s=d44a419480c2073a2f0f3fa5f3701b308271331d,0
2vkbtj,bride and groom exchange vows after fatal shooting at their wedding,https://external-preview.redd.it/FQ-J9OIPFRpqi912TpCYelw2HUtsIiJPJIny94M39kw.jpg?width=320&crop=smart&auto=webp&s=28a3ac355c7ff188f3622a11c488cb8d36e0e488,1
6d50rl,major thermos,https://preview.redd.it/l9gvkkf3jizy.jpg?width=320&crop=smart&auto=webp&s=cdf4f9debb851b8b65f84b8a9845cd2e92504207,0
86byl8,rabbi meat from cloned pig could be kosher for jews to eat with milk,https://external-preview.redd.it/KHisCPOGwz7czuzAA_qJ8N6pVKS_t22ITi37NyvlYLA.jpg?width=320&crop=smart&auto=webp&s=67ce014423294ef03927e8598582bcafb7bc5a75,1
cgp0lmq,cutouts,http://i.imgur.com/vbveIEd%2ejpg,0
98vrcq,jesus christ converting local teens to christianity repainted and then circa ad,https://preview.redd.it/31aw9wjucah11.jpg?width=320&crop=smart&auto=webp&s=b0b594565b140993d36cc133b9729e694f67c8da,0
bmg5cj,victory the great european crusade vichy france,https://preview.redd.it/wfb26xu6o4x21.jpg?width=320&crop=smart&auto=webp&s=a2b98feca28c87302e4b225268e42c1cfb7c39fb,0
4zd1tb,english village becomes climate leader by quietly cleaning up its own patch,https://external-preview.redd.it/imU2dcjZOcrlARVLxYrJXcU-ntPl2nSSkjfSDVtnBzY.jpg?width=320&crop=smart&auto=webp&s=caa1bf3e4a95f447fd2f71349c8e94301c894e71,1
cocpysr,i aint flying over no moon,http://i.imgur.com/mieY5EQ.jpg,0
9g2b4h,seven doggly sins sloth,https://preview.redd.it/nnpo51sr7fm11.png?width=320&crop=smart&auto=webp&s=d3d1eed1477c37e230c9ed13f789454d678e82a0,0
796d3z,cutest baby cow ive seen in my head all day and just enjoy destiny for what it is,https://preview.redd.it/mbj3et90gbuz.jpg?width=320&crop=smart&auto=webp&s=5a45ab04a474da6849e0efb88c02f9959b3a1eb2,0
2cfi7g,asian girl wearing virtual reality goggles holding a very surprised looking cat,https://external-preview.redd.it/YaUkMGsRbz5quKdPbXQpIaEIvU9kiLo8pqzTLBqmBH4.jpg?width=320&crop=smart&auto=webp&s=0852d2ec484d32460dc172840246450df7df005f,1
bjmfr7,the way the rain made a silhouette of my bike,https://preview.redd.it/c9ri4lj3znv21.jpg?width=320&crop=smart&auto=webp&s=912f445a6296e925600621f0e1a20b6f8becdcc2,1
3u0our,how to selfdiagnose yourself with a mental illness in easy steps,https://external-preview.redd.it/R1ZNNbaahLXfDHf6ljiiPxcytAvAG1O_d_JtXtVuflg.jpg?width=320&crop=smart&auto=webp&s=49e67199cf7fd5eeb842d7528e21bf1af2386423,0
7asj25,love and peace the washington way soviet union,https://preview.redd.it/flr0ugjr90wz.jpg?width=320&crop=smart&auto=webp&s=e7b665203cc39399a61680d6fc10a976c6a6ae94,0
c2mktw,a view of london that you can only see from the strangers bar in the palace of westminster,https://preview.redd.it/dfhs2vmumd531.jpg?width=320&crop=smart&auto=webp&s=754cf17491e0d66d07c5450fda8bb195e961db8b,1
ctdk4x3,what goes best with genocide red or white i can never remember,http://i.imgur.com/kK2hY5C.jpg,0
6i2pbj,happy boat with some friends,https://external-preview.redd.it/W9cIDvlyGnNmr_xAaVkRI9lRUfRS8T5XxccRmoVjXQM.jpg?width=320&crop=smart&auto=webp&s=8d37c5dc22504eff7e305c32bd7b1af2ee2651a0,0
212vud,the tree was angry at me for felling it,https://external-preview.redd.it/-Vs-ItcZczK7dVX-X_xHNCu5hUEziEY7cGyYlVUxj1g.jpg?width=320&crop=smart&auto=webp&s=cc3bd4c4f24d96deae16d79f9acbbd6b561eaaf7,0
22d477,governor chris christie reacts to a statement in an interview,https://external-preview.redd.it/8O4EGK514WFhIOe2wEWrE0n1I-vZxpCWCUEm7Fu1sGc.jpg?width=320&crop=smart&auto=webp&s=910ef6d83f81355c23e8d14848da276e46a50373,1
1922a5,applying to join the chinese communist party music video w english subtitles,https://external-preview.redd.it/mMcZkhDXeP71lD_Qxm5VjMSOxuO-GkJDCkX8N1gdDIc.jpg?width=320&crop=smart&auto=webp&s=dd7189a6fc9984303097c0236944022e1f446b87,0
9c9j6v,my dads neighbor used to own ambulance company he is moving so we got to see this,https://external-preview.redd.it/nPruIA_ckqb0isw9fkACLYP3XX0hMgIGF0S-7ZjOmaA.jpg?width=320&crop=smart&auto=webp&s=d2dc78595a48d57e974a01aec1718ab3c20f51ef,1
c69yqn0,are you not entertained,http://i.imgur.com/0sF68.jpg,0
15ilmc,creepy guy with creepy hair staring creepily,https://external-preview.redd.it/xlFSygp-2GGBEYotiPpXA5dXT9jCGY46xh8SDmPTcWU.jpg?width=320&crop=smart&auto=webp&s=960f7f07eb35e467d82918e4c21a7b014b6d051c,1
b7gj1e,rain made this iron slab wall a beautiful red,https://preview.redd.it/dpo9t9hzvbp21.jpg?width=320&crop=smart&auto=webp&s=780345d23e207aef0be5ab8e3b49244910ebf7ea,1
4h209r,president making a point in the parliament,https://external-preview.redd.it/TH9gHyDMw0vTRDU0C4Il6hiypwWTT5I7frNOrDLmKck.jpg?width=320&crop=smart&auto=webp&s=cff210e98f1204ff2945c2728aacdac704a6c934,1
c8ga79q,stewie,http://i.imgur.com/YR4tDlU.jpg,0
6ttusb,destiny finally comes to pc on steam but theres a big catch,https://external-preview.redd.it/XaO1ij28KxK6ENUZtnpKVnOr86uT8XXG5HUxczzfbaQ.jpg?width=320&crop=smart&auto=webp&s=de9b4ee3c88d14519a3aa0d624d20d84cf8e2a44,0
3948of,piglets on the loose after truck overturns,https://external-preview.redd.it/nCGSX-BRato-K45TDiaRy0RjANj5xQcpsugG4abODjU.jpg?width=320&crop=smart&auto=webp&s=f5140fbe0dd862366e81d4022bdb81f285b3b68f,1
chb5foi,quick and obvious,http://i.imgur.com/RBcrhqf.jpg,0
9f7p90,happy fella in my penske rental,https://preview.redd.it/ammac72k6tl11.jpg?width=320&crop=smart&auto=webp&s=844f4b13fc5af462564a8ae2f00febff24b69ca5,0
8fw3po,oo,https://preview.redd.it/8z33wgnqcyu01.jpg?width=320&crop=smart&auto=webp&s=74eb98328863a97b4fca054836a51ccdfa6c6e64,0
avafi5,this playable cd in the shape of a square,https://preview.redd.it/5lddt3c142j21.jpg?width=320&crop=smart&auto=webp&s=4760c84252c012a0a940b81cac78bf5f05864b35,1
2auudp,a sun bear sitting down x,https://external-preview.redd.it/L3-AUe61vd4T4qv7A-GUNLFi6PIptGDrKIaiioMr-Fk.jpg?width=320&crop=smart&auto=webp&s=fcd315125474cd8ddf82ae4b9a823920e7cb5786,1
9j3a9w,not sure how i feel about this,https://preview.redd.it/zzgjxinfllo11.jpg?width=320&crop=smart&auto=webp&s=c7f277d2bde32b9ed4b60dfb18331f6de1682576,1
39mh2p,fine sushi,https://external-preview.redd.it/RTwZb8g2TJqRktToEemMU8Wx1WfLTstR8itmlADUUlI.jpg?width=320&crop=smart&auto=webp&s=e118059e9bf8120535943bb1b40cc151cde618ed,0
bl11vl,this car has a door bolt,https://preview.redd.it/n84qrpekpfw21.jpg?width=320&crop=smart&auto=webp&s=b3f187329afecfbe11bbef1eb85d4a8030daa78a,1
143c94,the shadow,https://external-preview.redd.it/ORNDiieV-GDHgfuNWoL-umEvbTgAkcEFe9RyqdW0Bes.jpg?width=320&crop=smart&auto=webp&s=db3c79323cf5be11dac20e313f672ebbbf6e3f21,1
61uy4u,el chapo escapes altiplano prison th,https://preview.redd.it/0fyotexbm0oy.jpg?width=320&crop=smart&auto=webp&s=e73e2e9d3d10e51007c3f801f52e3dfda1316601,0
chli5s,this lighting desk has oops and please keys,https://preview.redd.it/6jo5wqsf6fc31.jpg?width=320&crop=smart&auto=webp&s=10bf65ed86d0721da2e2b30be6db5e57044f93c4,1
cpy9p6,bunny rock,https://preview.redd.it/1j2wcot1s9g31.jpg?width=320&crop=smart&auto=webp&s=6814e8f1bc95d5f4b7e311b9afd06ef95fae8674,0
15dcu6,excited ashtray,https://external-preview.redd.it/1daZtV0ksvhc9lrvKWzNUDB_JBKWBwNeOrbfAgD6noY.jpg?width=320&crop=smart&auto=webp&s=cdea5051b080d5bb3248c7560b90289f341b7c69,0
auk0vy,this image of spike lee and sam jackson at the oscars,https://preview.redd.it/bo34qsze4pi21.jpg?width=320&crop=smart&auto=webp&s=0ccd098e885392ea9fadc17a7266478142a6cbbb,1
c2o619,this is what it looks like behind the dome screen of an omnimax museum theatre,https://preview.redd.it/c237d1icae531.jpg?width=320&crop=smart&auto=webp&s=a12de7cc951575bba148af30c4c1e2e5c9943abe,1
baydyy,report reveals jesus christ have benefited from fathers influential position to gain highpowered role as lord and savior,https://external-preview.redd.it/McvdbScdiL3hway1gndWLSEPEKWlQeYUpElxiGsPGwg.jpg?width=320&crop=smart&auto=webp&s=276de04e0c41740787c034e08780b7b104d4a116,0
20uup4,barack obama dancing with ellen degeneres,https://external-preview.redd.it/ke9abObcgRSUQlykuPGl52E3NOTMn6GLDkI2Iuxj1MA.jpg?width=320&crop=smart&auto=webp&s=26e5ad6f529a31ed38dd34919967f06b205abdce,1
cftdth3,quit horsing around,http://i.imgur.com/VOk9rtM.jpg,0
63r5xj,comfort cases former foster child helps other kids in foster care,https://external-preview.redd.it/YSFtuflL8S7cJCf_fuYcpWoE8Wqs8Z5u1zzwW-6Cp_Q.jpg?width=320&crop=smart&auto=webp&s=47772032f48c6bc8e8681a588cc9046b2ad45cea,1
ckbnyyo,other discussions,http://i.imgur.com/1ZFxwSj%2ejpg,0
er6eggt,available here,https://i.imgur.com/1magdro.jpg,0
c0xtrn,this leaf in the shape of an upvotedownvote,https://preview.redd.it/q3kyrhxe5j431.jpg?width=320&crop=smart&auto=webp&s=3529dc31e753c462ae912aaab7c79ca5835c4ed6,1
49h4rm,a tattoo artist is covering up the scars of people who have overcome self harm for free,https://external-preview.redd.it/uL2aSqaRiHFO8Vfq8Jt01LFTGmin5IjSHmzRnCJSEqA.jpg?width=320&crop=smart&auto=webp&s=d9aa7a9596acc2270edfb4fca00be12bda25560c,1
7isuvk,this little guy stuck in the snow,https://preview.redd.it/ys706kr222301.jpg?width=320&crop=smart&auto=webp&s=80dbcd8d8ec32bd6d32c908aeaad11cffde494cd,0
cf5c7r5,a wedding to bark about,http://i.imgur.com/zotbFtV.jpg,0
cmeidmd,looter land,http://i.imgur.com/AekOEWk.jpg,0
75yogr,your cable company would hate us if it knew we told you about this device on amazon,https://external-preview.redd.it/K5-AHh-n3_WWXth0F9SQ8aC7iifRZR83x1447P9Kwys.jpg?width=320&crop=smart&auto=webp&s=3db6108f2ce488c00f39d7d14bd082caa31cf481,0
cainsb0,theres only one girl in this picture for me,http://i.imgur.com/gsaRL6x.jpg,0
9r3pbe,the difference the light makes on these tiles,https://preview.redd.it/jmqqb1vd77u11.jpg?width=320&crop=smart&auto=webp&s=a37eaab95cab8e10c99394be76815e6aef526c1a,1
5hn94m,a fish in the new england aquarium,https://external-preview.redd.it/O3ZjIRAGDsoQ1RyxxxcOfvJSeM3bJgb57SdjPAt7cho.jpg?width=320&crop=smart&auto=webp&s=553c854e6d59f64c7024bc4f11601f979dbeaf96,1
4vblj5,he cant do it alone proempire long long ago date unknown,https://external-preview.redd.it/5n-2u3n-uCbADe6Zmh0bNsNynipPb_aroXvZhJW6Oe4.jpg?width=320&crop=smart&auto=webp&s=d30bcaec0e8f709cf0a14e0244229149b12da40b,0
60o1d9,the flying tigers of the free world strike again korean warera leaflet,https://external-preview.redd.it/M7z81j5BzeeZ725YwR257zbI8kM6f7rG0sURFhNDUzA.jpg?width=320&crop=smart&auto=webp&s=52ca7c53b6abe8e9eccf2d0099a660b57479de9a,0
cfby7hv,im not entirely sure where i was going with this,http://i.imgur.com/dVHPYJA.jpg,0
cb4phn0,imgur,http://i.imgur.com/rsCgT57.jpg,0
dplirxv,scooty puff jr,https://i.imgur.com/fbFViu3.jpg,0
awvwhf,mini wireless keyboard lighter for scale,https://preview.redd.it/r5uigwwqqxj21.jpg?width=320&crop=smart&auto=webp&s=c82fd7be7ca422d432f322931abc44bf105e51fd,1
rofsr,the future of paris,https://external-preview.redd.it/N1emxsrxOn_Z4q6Q16zQMpvSkZTIhgvmc_gVOQI8LJU.jpg?width=320&crop=smart&auto=webp&s=c98b10461f72e3ca408789465fc9e69f8e46d93c,1
c015wz,rules of an immoral park,https://preview.redd.it/r0fp0dfyt1431.jpg?width=320&crop=smart&auto=webp&s=8077980fb54432084978131f43d769c27cdf1bf5,1
4uw2sy,cop brought to tears by mans request after traffic stop,https://external-preview.redd.it/kbMWkST_Bxhd65PwnI3ntHhv9SKhnqONUTkFCaEU1WA.jpg?width=320&crop=smart&auto=webp&s=9a56984d476a05c68111e03f4f5c4d1419c39b61,1
d0mecva,i want ice cream,http://i.imgur.com/pYZKH0q.jpg,0
chc5a23,whats worse than lobsters on your piano crabs on your organ,http://i.imgur.com/NhXYBc2.jpg,0
atmab5,how do you get such a perfect photo,https://preview.redd.it/6lu1rkalh6i21.jpg?width=320&crop=smart&auto=webp&s=fb62f6d60cafb20e423c0c7e4dab40009204aaba,0
cm8dvj7,enjoying the view,http://i.imgur.com/La0b55T.jpg,0
bycndo,king kong vs godzilla,https://preview.redd.it/h88sk5dv77331.jpg?width=320&crop=smart&auto=webp&s=7981ff64ae85f90e20aed11c9a2577d34918ea8b,0
dc75clc,meal deal,http://i.imgur.com/kEsCoeg.jpg,0
d0fls8g,duckline bling,http://i.imgur.com/8Ujte6Z.jpg,0
d33aq3y,kim derpun,http://i.imgur.com/5C9XXsI.jpg,0
e1s6ins,nice human,https://i.imgur.com/jDbUQVq.jpg,0
2on0u9,what does this creature want from me heat me up with some good music,https://external-preview.redd.it/uVD9S-9Q3FPTWe5inEnbrCGOeI7Z64KSAQzLGI6Kx9o.jpg?width=320&crop=smart&auto=webp&s=baab74bddfa0e1aa49e8a34b6068a5d18abe0606,0
bdby0z,the notes on a conditional form,https://preview.redd.it/kt7xia61vcs21.png?width=320&crop=smart&auto=webp&s=402a8ffd8e682f9501384ec7eb8177c445bc9dbe,0
8r35ct,this trophy for best corn,https://preview.redd.it/g9euw7go5z311.jpg?width=320&crop=smart&auto=webp&s=03023df812c2f157504808136b48ee64449e6124,1
c7dobn,the reinforcement on these identical pieces of duplo lego,https://preview.redd.it/lok4ry74vh731.jpg?width=320&crop=smart&auto=webp&s=96854029ae9214fee6234a8b453f99c616e69996,1
crczvy,at halftime of sdsus basketball game they auction off a pig,https://preview.redd.it/rjdazaaisvg31.jpg?width=320&crop=smart&auto=webp&s=3048c092ea638d06a3cede79d6c2398f6e8fd445,1
byh5dw,revolution syria,https://preview.redd.it/erxaajorq9331.jpg?width=320&crop=smart&auto=webp&s=5bfb9727b3f87b45f6b7609dd5f1a90165bb34f2,0
9fb69a,this spider on my back porch disguises itself as a stick to fool prey,https://preview.redd.it/gywz6b806vl11.jpg?width=320&crop=smart&auto=webp&s=7326f4e18a765a6518bac96a32083824dd5f7c98,1
blqg9q,in just over two years the copper in my iems has turned green new pair to the right for comparison,https://preview.redd.it/kbyg5emafsw21.jpg?width=320&crop=smart&auto=webp&s=cc7a916bddea0ed4fa14da524a58bb3d427de667,1
cwgb6w,the way this mosquitorepellant spiral burned,https://external-preview.redd.it/HaBubFTx9sSW8I7pwfnNqyKAXAP41slnKRLVKqA8Few.jpg?width=320&crop=smart&auto=webp&s=92294c6dffb0da258d6e6253539249c4a91504ad,1
cjbioio,you are about to embark upon the great crusade toward which we have striven these many months,http://i.imgur.com/zYbVLrf.jpg,0
cqv6i8o,skiing man,http://i.imgur.com/ssrbQjA.jpg,0
cix1u0q,they live,http://i.imgur.com/EBwxxz0.jpg,0
cs1i5xh,earthquake,http://i.imgur.com/pGbRGV1.jpg,0
bjq753,ronald reagan getting shot at a attempted murder cira,https://preview.redd.it/dmeid81dtpv21.jpg?width=320&crop=smart&auto=webp&s=8ad4c0fb81a9981e0d55b00740370c764ed6b28c,0
cas051,a dying bee in a park on a grilled onion,https://preview.redd.it/prwdhlawo5931.jpg?width=320&crop=smart&auto=webp&s=643fcb0941373a8a945f4de96b74dee4aafbc4b4,1
o0bwb,rc car controller cannot unsee,https://external-preview.redd.it/edVWKRM69-gu1uparPKrqy3xX9CZ66ud-n0JMLxghbY.jpg?width=320&crop=smart&auto=webp&s=f39ffdcffd4e0a451279b6803e1bcc6625e1b98c,0
cna3nyo,this otter going down a slide,https://i.imgur.com/GHgkbWz.jpg,0
33idfz,reports pregnant popeyes manager fired after refusing to pay for armed robbery,https://external-preview.redd.it/8fwnqMJaN264uGprheE38D9kt-OVwHS227xJDIIHRl8.jpg?width=320&crop=smart&auto=webp&s=b05122ab08ca088960a027f7fff5c897a1217470,1
